split,source_file,title_len,combined_text_len
corpus_clean,corpus_clean,10,495
corpus_clean,corpus_clean,8,336
corpus_clean,corpus_clean,8,315
corpus_clean,corpus_clean,9,356
corpus_clean,corpus_clean,6,318
corpus_clean,corpus_clean,10,446
corpus_clean,corpus_clean,10,357
corpus_clean,corpus_clean,9,408
corpus_clean,corpus_clean,8,348
corpus_clean,corpus_clean,9,458
corpus_clean,corpus_clean,3,386
corpus_clean,corpus_clean,10,485
corpus_clean,corpus_clean,19,365
corpus_clean,corpus_clean,8,395
corpus_clean,corpus_clean,8,327
corpus_clean,corpus_clean,12,379
corpus_clean,corpus_clean,8,367
corpus_clean,corpus_clean,5,313
corpus_clean,corpus_clean,12,360
corpus_clean,corpus_clean,6,379
corpus_clean,corpus_clean,13,273
corpus_clean,corpus_clean,10,319
corpus_clean,corpus_clean,11,361
corpus_clean,corpus_clean,11,325
corpus_clean,corpus_clean,8,310
corpus_clean,corpus_clean,12,311
corpus_clean,corpus_clean,11,418
corpus_clean,corpus_clean,9,480
corpus_clean,corpus_clean,6,270
corpus_clean,corpus_clean,8,354
corpus_clean,corpus_clean,6,395
corpus_clean,corpus_clean,9,444
corpus_clean,corpus_clean,4,346
corpus_clean,corpus_clean,12,443
corpus_clean,corpus_clean,5,237
corpus_clean,corpus_clean,3,308
corpus_clean,corpus_clean,7,300
corpus_clean,corpus_clean,3,307
corpus_clean,corpus_clean,10,423
corpus_clean,corpus_clean,11,399
corpus_clean,corpus_clean,6,297
corpus_clean,corpus_clean,10,396
corpus_clean,corpus_clean,8,318
corpus_clean,corpus_clean,8,387
corpus_clean,corpus_clean,5,281
corpus_clean,corpus_clean,11,453
corpus_clean,corpus_clean,10,325
corpus_clean,corpus_clean,15,350
corpus_clean,corpus_clean,5,225
corpus_clean,corpus_clean,6,277
corpus_clean,corpus_clean,2,840
corpus_clean,corpus_clean,2,433
corpus_clean,corpus_clean,2,946
corpus_clean,corpus_clean,2,443
corpus_clean,corpus_clean,2,1967
corpus_clean,corpus_clean,2,401
corpus_clean,corpus_clean,2,512
corpus_clean,corpus_clean,2,1403
corpus_clean,corpus_clean,2,436
corpus_clean,corpus_clean,2,391
corpus_clean,corpus_clean,2,1350
corpus_clean,corpus_clean,2,1463
corpus_clean,corpus_clean,7,269
corpus_clean,corpus_clean,7,271
corpus_clean,corpus_clean,7,280
corpus_clean,corpus_clean,10,300
corpus_clean,corpus_clean,8,278
corpus_clean,corpus_clean,7,371
corpus_clean,corpus_clean,9,310
corpus_clean,corpus_clean,8,293
corpus_clean,corpus_clean,6,333
corpus_clean,corpus_clean,4,346
corpus_clean,corpus_clean,6,297
corpus_clean,corpus_clean,6,325
corpus_clean,corpus_clean,14,276
corpus_clean,corpus_clean,8,274
corpus_clean,corpus_clean,10,357
corpus_clean,corpus_clean,7,392
corpus_clean,corpus_clean,7,340
corpus_clean,corpus_clean,9,382
corpus_clean,corpus_clean,7,299
corpus_clean,corpus_clean,12,387
corpus_clean,corpus_clean,7,282
corpus_clean,corpus_clean,6,268
corpus_clean,corpus_clean,13,333
corpus_clean,corpus_clean,7,315
corpus_clean,corpus_clean,13,366
corpus_clean,corpus_clean,7,402
corpus_clean,corpus_clean,8,381
corpus_clean,corpus_clean,9,313
corpus_clean,corpus_clean,13,356
corpus_clean,corpus_clean,13,314
corpus_clean,corpus_clean,12,346
corpus_clean,corpus_clean,3,305
corpus_clean,corpus_clean,10,216
corpus_clean,corpus_clean,10,386
corpus_clean,corpus_clean,9,331
corpus_clean,corpus_clean,9,447
corpus_clean,corpus_clean,7,349
corpus_clean,corpus_clean,13,356
corpus_clean,corpus_clean,7,317
corpus_clean,corpus_clean,12,384
corpus_clean,corpus_clean,9,278
corpus_clean,corpus_clean,8,298
corpus_clean,corpus_clean,12,360
corpus_clean,corpus_clean,12,337
corpus_clean,corpus_clean,8,344
corpus_clean,corpus_clean,7,270
corpus_clean,corpus_clean,13,442
corpus_clean,corpus_clean,9,414
corpus_clean,corpus_clean,15,339
corpus_clean,corpus_clean,9,411
corpus_clean,corpus_clean,2,2002
corpus_clean,corpus_clean,2,543
corpus_clean,corpus_clean,2,1645
corpus_clean,corpus_clean,2,310
corpus_clean,corpus_clean,2,529
corpus_clean,corpus_clean,2,619
corpus_clean,corpus_clean,2,2069
corpus_clean,corpus_clean,2,81
corpus_clean,corpus_clean,2,216
corpus_clean,corpus_clean,2,697
corpus_clean,corpus_clean,2,333
corpus_clean,corpus_clean,2,923
corpus_clean,corpus_clean,2,575
corpus_clean,corpus_clean,10,387
corpus_clean,corpus_clean,10,373
corpus_clean,corpus_clean,10,131
corpus_clean,corpus_clean,13,446
corpus_clean,corpus_clean,8,334
corpus_clean,corpus_clean,4,380
corpus_clean,corpus_clean,3,351
corpus_clean,corpus_clean,13,435
corpus_clean,corpus_clean,10,426
corpus_clean,corpus_clean,15,311
corpus_clean,corpus_clean,12,436
corpus_clean,corpus_clean,7,463
corpus_clean,corpus_clean,18,381
corpus_clean,corpus_clean,9,406
corpus_clean,corpus_clean,7,327
corpus_clean,corpus_clean,10,396
corpus_clean,corpus_clean,9,398
corpus_clean,corpus_clean,10,392
corpus_clean,corpus_clean,8,318
corpus_clean,corpus_clean,10,375
corpus_clean,corpus_clean,11,324
corpus_clean,corpus_clean,12,469
corpus_clean,corpus_clean,10,347
corpus_clean,corpus_clean,6,283
corpus_clean,corpus_clean,7,325
corpus_clean,corpus_clean,10,426
corpus_clean,corpus_clean,10,287
corpus_clean,corpus_clean,11,385
corpus_clean,corpus_clean,14,421
corpus_clean,corpus_clean,9,443
corpus_clean,corpus_clean,9,385
corpus_clean,corpus_clean,14,394
corpus_clean,corpus_clean,10,371
corpus_clean,corpus_clean,9,383
corpus_clean,corpus_clean,8,357
corpus_clean,corpus_clean,11,323
corpus_clean,corpus_clean,15,408
corpus_clean,corpus_clean,9,436
corpus_clean,corpus_clean,14,390
corpus_clean,corpus_clean,6,325
corpus_clean,corpus_clean,13,376
corpus_clean,corpus_clean,15,441
corpus_clean,corpus_clean,13,410
corpus_clean,corpus_clean,10,410
corpus_clean,corpus_clean,8,420
corpus_clean,corpus_clean,13,393
corpus_clean,corpus_clean,9,321
corpus_clean,corpus_clean,7,363
corpus_clean,corpus_clean,8,367
corpus_clean,corpus_clean,10,371
corpus_clean,corpus_clean,2,773
corpus_clean,corpus_clean,2,545
corpus_clean,corpus_clean,2,2978
corpus_clean,corpus_clean,2,490
corpus_clean,corpus_clean,2,101
corpus_clean,corpus_clean,2,5410
corpus_clean,corpus_clean,2,499
corpus_clean,corpus_clean,2,1957
corpus_clean,corpus_clean,2,1734
corpus_clean,corpus_clean,2,270
corpus_clean,corpus_clean,2,468
corpus_clean,corpus_clean,2,337
corpus_clean,corpus_clean,14,206
corpus_clean,corpus_clean,13,471
corpus_clean,corpus_clean,7,363
corpus_clean,corpus_clean,8,332
corpus_clean,corpus_clean,13,393
corpus_clean,corpus_clean,12,477
corpus_clean,corpus_clean,9,388
corpus_clean,corpus_clean,10,387
corpus_clean,corpus_clean,16,499
corpus_clean,corpus_clean,9,386
corpus_clean,corpus_clean,10,358
corpus_clean,corpus_clean,10,339
corpus_clean,corpus_clean,5,330
corpus_clean,corpus_clean,7,318
corpus_clean,corpus_clean,22,419
corpus_clean,corpus_clean,10,384
corpus_clean,corpus_clean,3,351
corpus_clean,corpus_clean,14,441
corpus_clean,corpus_clean,11,399
corpus_clean,corpus_clean,9,314
corpus_clean,corpus_clean,9,336
corpus_clean,corpus_clean,10,432
corpus_clean,corpus_clean,13,422
corpus_clean,corpus_clean,8,304
corpus_clean,corpus_clean,13,460
corpus_clean,corpus_clean,11,323
corpus_clean,corpus_clean,8,286
corpus_clean,corpus_clean,10,371
corpus_clean,corpus_clean,12,305
corpus_clean,corpus_clean,13,465
corpus_clean,corpus_clean,11,283
corpus_clean,corpus_clean,12,382
corpus_clean,corpus_clean,7,410
corpus_clean,corpus_clean,12,413
corpus_clean,corpus_clean,6,267
corpus_clean,corpus_clean,12,412
corpus_clean,corpus_clean,13,410
corpus_clean,corpus_clean,8,307
corpus_clean,corpus_clean,13,334
corpus_clean,corpus_clean,10,355
corpus_clean,corpus_clean,6,378
corpus_clean,corpus_clean,9,470
corpus_clean,corpus_clean,12,458
corpus_clean,corpus_clean,12,387
corpus_clean,corpus_clean,14,457
corpus_clean,corpus_clean,13,389
corpus_clean,corpus_clean,10,188
corpus_clean,corpus_clean,7,357
corpus_clean,corpus_clean,6,376
corpus_clean,corpus_clean,8,344
corpus_clean,corpus_clean,2,980
corpus_clean,corpus_clean,2,5776
corpus_clean,corpus_clean,2,1163
corpus_clean,corpus_clean,2,504
corpus_clean,corpus_clean,2,1963
corpus_clean,corpus_clean,2,509
corpus_clean,corpus_clean,2,53
corpus_clean,corpus_clean,2,577
corpus_clean,corpus_clean,2,425
corpus_clean,corpus_clean,2,718
corpus_clean,corpus_clean,2,715
corpus_clean,corpus_clean,2,308
corpus_clean,corpus_clean,13,394
corpus_clean,corpus_clean,11,403
corpus_clean,corpus_clean,11,336
corpus_clean,corpus_clean,12,344
corpus_clean,corpus_clean,9,288
corpus_clean,corpus_clean,8,314
corpus_clean,corpus_clean,5,366
corpus_clean,corpus_clean,11,322
corpus_clean,corpus_clean,11,280
corpus_clean,corpus_clean,11,320
corpus_clean,corpus_clean,13,403
corpus_clean,corpus_clean,2,5292
corpus_clean,corpus_clean,2,5675
corpus_clean,corpus_clean,2,1096
corpus_clean,corpus_clean,1,2447
corpus_clean,corpus_clean,2,1247
corpus_clean,corpus_clean,2,622
corpus_clean,corpus_clean,2,232
corpus_clean,corpus_clean,2,1881
corpus_clean,corpus_clean,2,911
corpus_clean,corpus_clean,2,392
corpus_clean,corpus_clean,2,5409
corpus_clean,corpus_clean,2,633
corpus_clean,corpus_clean,8,319
corpus_clean,corpus_clean,4,384
corpus_clean,corpus_clean,7,271
corpus_clean,corpus_clean,14,375
corpus_clean,corpus_clean,5,293
corpus_clean,corpus_clean,5,1830
corpus_clean,corpus_clean,7,2038
corpus_clean,corpus_clean,11,470
corpus_clean,corpus_clean,6,296
corpus_clean,corpus_clean,9,286
corpus_clean,corpus_clean,10,366
corpus_clean,corpus_clean,6,308
corpus_clean,corpus_clean,11,311
corpus_clean,corpus_clean,10,323
corpus_clean,corpus_clean,7,340
corpus_clean,corpus_clean,10,439
corpus_clean,corpus_clean,13,411
corpus_clean,corpus_clean,11,368
corpus_clean,corpus_clean,6,316
corpus_clean,corpus_clean,2,6293
corpus_clean,corpus_clean,4,405
corpus_clean,corpus_clean,2,2026
corpus_clean,corpus_clean,2,685
corpus_clean,corpus_clean,2,1981
corpus_clean,corpus_clean,2,2157
corpus_clean,corpus_clean,2,252
corpus_clean,corpus_clean,2,360
corpus_clean,corpus_clean,2,302
corpus_clean,corpus_clean,2,1164
corpus_clean,corpus_clean,2,472
corpus_clean,corpus_clean,2,246
corpus_clean,corpus_clean,10,277
corpus_clean,corpus_clean,9,359
corpus_clean,corpus_clean,17,378
corpus_clean,corpus_clean,9,619
corpus_clean,corpus_clean,6,304
corpus_clean,corpus_clean,9,464
corpus_clean,corpus_clean,4,617
corpus_clean,corpus_clean,11,457
corpus_clean,corpus_clean,17,339
corpus_clean,corpus_clean,11,484
corpus_clean,corpus_clean,5,310
corpus_clean,corpus_clean,13,398
corpus_clean,corpus_clean,3,300
corpus_clean,corpus_clean,6,355
corpus_clean,corpus_clean,12,309
corpus_clean,corpus_clean,11,401
corpus_clean,corpus_clean,16,347
corpus_clean,corpus_clean,11,321
corpus_clean,corpus_clean,4,13755
corpus_clean,corpus_clean,7,1221
corpus_clean,corpus_clean,4,2821
corpus_clean,corpus_clean,6,3708
corpus_clean,corpus_clean,2,10033
corpus_clean,corpus_clean,2,2451
corpus_clean,corpus_clean,2,3595
corpus_clean,corpus_clean,2,2115
corpus_clean,corpus_clean,2,3673
corpus_clean,corpus_clean,2,1317
corpus_clean,corpus_clean,9,367
corpus_clean,corpus_clean,7,454
corpus_clean,corpus_clean,5,289
corpus_clean,corpus_clean,10,290
corpus_clean,corpus_clean,10,292
corpus_clean,corpus_clean,7,348
corpus_clean,corpus_clean,3,274
corpus_clean,corpus_clean,8,1881
corpus_clean,corpus_clean,6,309
corpus_clean,corpus_clean,5,424
corpus_clean,corpus_clean,6,901
corpus_clean,corpus_clean,11,396
corpus_clean,corpus_clean,9,382
corpus_clean,corpus_clean,11,364
corpus_clean,corpus_clean,6,274
corpus_clean,corpus_clean,6,379
corpus_clean,corpus_clean,9,348
corpus_clean,corpus_clean,7,278
corpus_clean,corpus_clean,7,285
corpus_clean,corpus_clean,14,432
corpus_clean,corpus_clean,10,483
corpus_clean,corpus_clean,11,344
corpus_clean,corpus_clean,16,361
corpus_clean,corpus_clean,6,6803
corpus_clean,corpus_clean,2,7571
corpus_clean,corpus_clean,4,3272
corpus_clean,corpus_clean,3,4190
corpus_clean,corpus_clean,2,1297
corpus_clean,corpus_clean,2,1580
corpus_clean,corpus_clean,2,717
corpus_clean,corpus_clean,2,2948
corpus_clean,corpus_clean,2,579
corpus_clean,corpus_clean,2,321
corpus_clean,corpus_clean,2,2469
corpus_clean,corpus_clean,11,316
corpus_clean,corpus_clean,12,329
corpus_clean,corpus_clean,8,609
corpus_clean,corpus_clean,4,1620
corpus_clean,corpus_clean,3,1040
corpus_clean,corpus_clean,3,355
corpus_clean,corpus_clean,5,339
corpus_clean,corpus_clean,10,353
corpus_clean,corpus_clean,10,409
corpus_clean,corpus_clean,6,325
corpus_clean,corpus_clean,11,395
corpus_clean,corpus_clean,11,437
corpus_clean,corpus_clean,6,353
corpus_clean,corpus_clean,10,344
corpus_clean,corpus_clean,9,447
corpus_clean,corpus_clean,13,354
corpus_clean,corpus_clean,12,427
corpus_clean,corpus_clean,2,10954
corpus_clean,corpus_clean,4,8683
corpus_clean,corpus_clean,4,1280
corpus_clean,corpus_clean,8,2581
corpus_clean,corpus_clean,2,786
corpus_clean,corpus_clean,2,4422
corpus_clean,corpus_clean,2,1223
corpus_clean,corpus_clean,2,1048
corpus_clean,corpus_clean,2,903
corpus_clean,corpus_clean,2,572
corpus_clean,corpus_clean,2,1068
corpus_clean,corpus_clean,2,943
corpus_clean,corpus_clean,7,295
corpus_clean,corpus_clean,9,320
corpus_clean,corpus_clean,11,477
corpus_clean,corpus_clean,9,272
corpus_clean,corpus_clean,8,365
corpus_clean,corpus_clean,14,11284
corpus_clean,corpus_clean,3,391
corpus_clean,corpus_clean,5,463
corpus_clean,corpus_clean,5,266
corpus_clean,corpus_clean,6,271
corpus_clean,corpus_clean,15,456
corpus_clean,corpus_clean,8,400
corpus_clean,corpus_clean,9,371
corpus_clean,corpus_clean,13,398
corpus_clean,corpus_clean,8,291
corpus_clean,corpus_clean,4,7787
corpus_clean,corpus_clean,6,1430
corpus_clean,corpus_clean,2,4109
corpus_clean,corpus_clean,2,1753
corpus_clean,corpus_clean,2,3005
corpus_clean,corpus_clean,2,1115
corpus_clean,corpus_clean,2,637
corpus_clean,corpus_clean,2,642
corpus_clean,corpus_clean,2,1105
corpus_clean,corpus_clean,2,751
corpus_clean,corpus_clean,2,787
corpus_clean,corpus_clean,9,414
corpus_clean,corpus_clean,6,841
corpus_clean,corpus_clean,5,394
corpus_clean,corpus_clean,13,432
corpus_clean,corpus_clean,6,752
corpus_clean,corpus_clean,4,312
corpus_clean,corpus_clean,10,406
corpus_clean,corpus_clean,6,319
corpus_clean,corpus_clean,9,299
corpus_clean,corpus_clean,19,486
corpus_clean,corpus_clean,19,390
corpus_clean,corpus_clean,8,361
corpus_clean,corpus_clean,6,330
corpus_clean,corpus_clean,11,455
corpus_clean,corpus_clean,22,389
corpus_clean,corpus_clean,11,397
corpus_clean,corpus_clean,2,9065
corpus_clean,corpus_clean,4,1590
corpus_clean,corpus_clean,3,6768
corpus_clean,corpus_clean,3,1475
corpus_clean,corpus_clean,2,1635
corpus_clean,corpus_clean,2,644
corpus_clean,corpus_clean,2,592
corpus_clean,corpus_clean,2,1205
corpus_clean,corpus_clean,2,1198
corpus_clean,corpus_clean,2,3146
corpus_clean,corpus_clean,2,895
corpus_clean,corpus_clean,2,275
corpus_clean,corpus_clean,12,285
corpus_clean,corpus_clean,9,379
corpus_clean,corpus_clean,7,288
corpus_clean,corpus_clean,5,359
corpus_clean,corpus_clean,4,648
corpus_clean,corpus_clean,4,1453
corpus_clean,corpus_clean,7,513
corpus_clean,corpus_clean,5,463
corpus_clean,corpus_clean,2,580
corpus_clean,corpus_clean,2,359
corpus_clean,corpus_clean,5,326
corpus_clean,corpus_clean,2,4337
corpus_clean,corpus_clean,3,741
corpus_clean,corpus_clean,6,841
corpus_clean,corpus_clean,6,5487
corpus_clean,corpus_clean,4,3840
corpus_clean,corpus_clean,5,313
corpus_clean,corpus_clean,6,1059
corpus_clean,corpus_clean,7,898
corpus_clean,corpus_clean,2,3748
corpus_clean,corpus_clean,6,1822
corpus_clean,corpus_clean,6,3049
corpus_clean,corpus_clean,6,1397
corpus_clean,corpus_clean,6,350
corpus_clean,corpus_clean,6,456
corpus_clean,corpus_clean,6,307
corpus_clean,corpus_clean,6,429
corpus_clean,corpus_clean,6,376
corpus_clean,corpus_clean,4,434
corpus_clean,corpus_clean,5,564
corpus_clean,corpus_clean,3,4638
corpus_clean,corpus_clean,7,1407
corpus_clean,corpus_clean,2,371
corpus_clean,corpus_clean,2,1616
corpus_clean,corpus_clean,9,1097
corpus_clean,corpus_clean,9,874
corpus_clean,corpus_clean,7,475
corpus_clean,corpus_clean,10,2073
corpus_clean,corpus_clean,5,455
corpus_clean,corpus_clean,3,628
corpus_clean,corpus_clean,5,2031
corpus_clean,corpus_clean,9,3222
corpus_clean,corpus_clean,8,2609
corpus_clean,corpus_clean,9,4166
corpus_clean,corpus_clean,5,814
corpus_clean,corpus_clean,5,1140
corpus_clean,corpus_clean,10,336
corpus_clean,corpus_clean,8,2456
corpus_clean,corpus_clean,5,1474
corpus_clean,corpus_clean,6,332
corpus_clean,corpus_clean,5,164
corpus_clean,corpus_clean,5,134
