theme,AI Bias and Fairness,AI Governance and Responsible AI,Digital Preservation Systems,Environmental Monitoring Systems,Game engine architecture,Green Computing,History of the Internet and Web,IoT security and privacy,IoT sensors and actuators,Open Source and Software Evolution,Procedural content generation
AI Bias and Fairness,100.0,28.522483940042825,21.842508948355206,19.064317482039,17.624660018132367,23.8332652227217,23.845065996228787,21.125840179238235,18.69010989010989,24.088115571873253,18.748756713745774
AI Governance and Responsible AI,28.522483940042825,100.0,23.84494909945184,20.624938587009925,19.52943658999789,24.928313754509297,24.541284403669724,23.81160528903945,20.6963249516441,25.730306593108438,21.205698810785353
Digital Preservation Systems,21.842508948355206,23.84494909945184,100.0,19.66483914347781,19.02947439202062,23.473227206946454,24.27022518765638,22.232451093210585,19.652248577868413,24.990526714664647,20.27603513174404
Environmental Monitoring Systems,19.064317482039,20.624938587009925,19.66483914347781,100.0,17.718028266115134,21.510319866966643,20.029468643521504,20.244102804835112,20.57309156033132,19.682539682539684,18.48707062910073
Game engine architecture,17.624660018132367,19.52943658999789,19.02947439202062,17.718028266115134,100.0,19.730801335559264,19.107213243988962,20.12659863066787,19.438366156090446,18.947895791583168,21.604120676968357
Green Computing,23.8332652227217,24.928313754509297,23.473227206946454,21.510319866966643,19.730801335559264,100.0,25.463981000967546,22.895695009638036,21.09777015437393,24.48382809038547,20.04139358399448
History of the Internet and Web,23.845065996228787,24.541284403669724,24.27022518765638,20.029468643521504,19.107213243988962,25.463981000967546,100.0,21.90399354578459,20.31667302556276,26.40110363855837,19.33916423712342
IoT security and privacy,21.125840179238235,23.81160528903945,22.232451093210585,20.244102804835112,20.12659863066787,22.895695009638036,21.90399354578459,100.0,23.815524193548388,22.8476821192053,20.960187353629976
IoT sensors and actuators,18.69010989010989,20.6963249516441,19.652248577868413,20.57309156033132,19.438366156090446,21.09777015437393,20.31667302556276,23.815524193548388,100.0,19.16570549788543,20.476973684210524
Open Source and Software Evolution,24.088115571873253,25.730306593108438,24.990526714664647,19.682539682539684,18.947895791583168,24.48382809038547,26.40110363855837,22.8476821192053,19.16570549788543,100.0,18.89400921658986
Procedural content generation,18.748756713745774,21.205698810785353,20.27603513174404,18.48707062910073,21.604120676968357,20.04139358399448,19.33916423712342,20.960187353629976,20.476973684210524,18.89400921658986,100.0
