theme,total_tokens,stopword_tokens,stopword_percentage
AI Bias and Fairness,51887,14154,27.278509067781908
AI Governance and Responsible AI,41537,12021,28.940462719984595
Digital Preservation Systems,34057,9408,27.624276947470417
Environmental Monitoring Systems,23482,6135,26.12639468529086
Game engine architecture,17931,4418,24.638893536333722
Green Computing,38557,10412,27.00417563607127
History of the Internet and Web,50608,15069,29.77592475497945
IoT security and privacy,21414,5595,26.12776688147941
IoT sensors and actuators,23700,6226,26.27004219409283
Open Source and Software Evolution,55860,15816,28.31364124597207
Procedural content generation,15827,4415,27.895368673785303
