theme,total_tokens,unique_tokens,token_ratio
AI Bias and Fairness,51934,11074,0.21323217930450186
AI Governance and Responsible AI,41617,8977,0.21570512050364035
Digital Preservation Systems,34108,7916,0.2320863140612173
Environmental Monitoring Systems,23636,6879,0.29103909290912167
Game engine architecture,18195,5761,0.31662544655125036
Green Computing,38774,9163,0.23631815133852582
History of the Internet and Web,50669,10382,0.20489845862361603
IoT security and privacy,21470,5823,0.2712156497438286
IoT sensors and actuators,23926,6464,0.2701663462342222
Open Source and Software Evolution,55952,10010,0.17890334572490707
Procedural content generation,15849,4429,0.2794498075588365
